{
  "posts": [
    {
      "title": "a new message"
    },
    {
      "title": "an updated message",
      "author": "Chandrashekar",
      "id": 4
    },
    {
      "title": "sdfsdkfjsdlk fjskdlfj ",
      "author": "weiruweiruweiorw",
      "id": 6
    },
    {
      "title": "sdfsdkfjsdlk fjskdlfj ",
      "author": "weiruweiruweiorw",
      "id": 7
    },
    {
      "title": "this is a new message",
      "author": "John doe",
      "id": 8
    },
    {
      "title": "a new title",
      "description": "this is test message",
      "id": "IQn9WnGr80k"
    },
    {
      "title": "aaa bbb ccc"
    }
  ],
  "comments": [],
  "profile": {
    "name": "typicode"
  }
}