<catalog><book id="bk102">
      <author>Babu, Chandrashekar</author>
      <title id="567" testdata="100">Midnight Rain</title>
      <dummy value="50">Some dummy data</dummy><type>Fantasy</type>
      <price>5.95</price>
      <publish_date>2000-12-16</publish_date>
      <description>A former architect battles corporate zombies,
      an evil sorceress, and her own childhood to become queen
      of the world.</description>
   </book>
   <book id="bk103">
      <author>Corets, Eva</author>
      <title>Maeve Ascendant</title>
      <genre>Fantasy</genre>
      <price>5.95</price>
      <publish_date>2000-11-17</publish_date>
      <description>After the collapse of a nanotechnology
      society in England, the young survivors lay the
      foundation for a new society.</description>
   </book>
   <book id="bk104">
      <author>Corets, Eva</author>
      <title>Oberon's Legacy</title>
      <genre>Fantasy</genre>
      <price>5.95</price>
      <publish_date>2001-03-10</publish_date>
      <description>In post-apocalypse England, the mysterious
      agent known only as Oberon helps to create a new life
      for the inhabitants of London. Sequel to Maeve
      Ascendant.</description>
   </book>
   <book id="bk105">
      <author>Corets, Eva</author>
      <title>The Sundered Grail</title>
      <genre>Fantasy</genre>
      <price>5.95</price>
      <publish_date>2001-09-10</publish_date>
      <description>The two daughters of Maeve, half-sisters,
      battle one another for control of England. Sequel to
      Oberon's Legacy.</description>
   </book>
   <book id="bk106">
      <author>Randall, Cynthia</author>
      <title>Lover Birds</title>
      <genre>Romance</genre>
      <price>4.95</price>
      <publish_date>2000-09-02</publish_date>
      <description>When Carla meets Paul at an ornithology
      conference, tempers fly as feathers get ruffled.</description>
   </book>
   <book id="bk107">
      <author>Thurman, Paula</author>
      <title>Splish Splash</title>
      <genre>Romance</genre>
      <price>4.95</price>
      <publish_date>2000-11-02</publish_date>
      <description>A deep sea diver finds true love twenty
      thousand leagues beneath the sea.</description>
   </book>
   </catalog>