<rss xmlns:atom="http://www.w3.org/2005/Atom" version="2.0">
<channel>
<atom:link type="application/rss+xml" rel="self" href="https://timesofindia.indiatimes.com/rssfeedstopstories.cms"/>
<title>Times of India</title>
<link>https://timesofindia.indiatimes.com</link>
<description>
The Times of India: Breaking news, views, reviews, cricket from across India
</description>
<language>en-gb</language>
<copyright>
Copyright:(C) 2017 Bennett Coleman & Co. Ltd, http://info.indiatimes.com/terms/tou.html
</copyright>
<docs>http://timescontent.com/</docs>
<image>
<title>Times of India</title>
<link>https://timesofindia.indiatimes.com</link>
<url>
https://timesofindia.indiatimes.com/photo.cms?msid=507610
</url>
</image>
<item>
<title>
PM Modi accuses Congress of elitism, takes a dig at Indira Gandhi
</title>
<description/>
<link>
https://timesofindia.indiatimes.com/india/pm-modi-accuses-congress-of-elitism-once-again/articleshow/61846845.cms
</link>
<guid>
https://timesofindia.indiatimes.com/india/pm-modi-accuses-congress-of-elitism-once-again/articleshow/61846845.cms
</guid>
<pubDate>Wed, 29 Nov 2017 07:35:11 GMT</pubDate>
</item>
<item>
<title>
Taliban lives in comfort in Pak with plenty of drug money: US General
</title>
<description>
Pakistan has yet to take significant action against the Taliban, despite it having been over a 100 days since US President Donald Trump's demand that Islamabad needs to do more, said the commander.
</description>
<link>
https://timesofindia.indiatimes.com/india/taliban-is-living-in-comfort-in-pakistan-with-drug-money-says-international-forces-commander-in-afghanistan/articleshow/61847308.cms
</link>
<guid>...</guid>
<pubDate>Wed, 29 Nov 2017 08:03:37 GMT</pubDate>
</item>
<item>
<title>River in Arunachal turns black, China blamed</title>
<description>
The East Siang district authorities have pressed the alarm bell as the water of the river, containing large volumes of heavy slag, is no longer fit for consumption. It is suspected that some major cement work is on in the upper reaches of the river in China.
</description>
<link>
https://timesofindia.indiatimes.com/city/itanagar/arunachal-river-turns-black-officials-blame-china/articleshow/61844165.cms
</link>
<guid>
https://timesofindia.indiatimes.com/city/itanagar/arunachal-river-turns-black-officials-blame-china/articleshow/61844165.cms
</guid>
<pubDate>Wed, 29 Nov 2017 03:34:43 GMT</pubDate>
</item>
<item>
<title>'New missile puts US within range of N-weapons'</title>
<description>
Wednesday’s missile test, North Korea’s first since mid-September, came a week after US President Donald Trump put North Korea back on a US list of countries it says support terrorism, allowing it to impose more sanctions.
</description>
<link>
https://timesofindia.indiatimes.com/world/rest-of-world/north-korea-says-new-icbm-puts-us-mainland-within-range-of-nuclear-weapons/articleshow/61846762.cms
</link>
<guid>
https://timesofindia.indiatimes.com/world/rest-of-world/north-korea-says-new-icbm-puts-us-mainland-within-range-of-nuclear-weapons/articleshow/61846762.cms
</guid>
<pubDate>Wed, 29 Nov 2017 07:29:13 GMT</pubDate>
</item>
<item>
<title>Modi has belittled the position of PM: Congress</title>
<description>
The Congress today said that PM Narendra Modi "belittled the position of PM" by attending a Hyderabad summit just because Ivanka Trump was also in attendance. At the event, Ivanka was effusive in her praise for Modi, which promoted a Congress spokesman to wonder why PM "need(s) a certificate from outsiders".
</description>
<link>
https://timesofindia.indiatimes.com/india/ivanka-trump-event-modi-has-belittled-the-post-of-pm-by-attending-says-congress-spokesman/articleshow/61846166.cms
</link>
<guid>
https://timesofindia.indiatimes.com/india/ivanka-trump-event-modi-has-belittled-the-post-of-pm-by-attending-says-congress-spokesman/articleshow/61846166.cms
</guid>
<pubDate>Wed, 29 Nov 2017 06:39:53 GMT</pubDate>
</item>
</channel>
</rss>